0,AhmedEbeed,1111,Ahmed_Ebeed,aebeedcs@gmail.com,1
1,AnasEbeed,2222,Anas_Ebeed,anas@gmail.com,0
2,AsserEbeed,3333,Asser_Ebeed,asser@gmail.com,0
3,YassenEbeed,4444,Yaseen_Ebeed,yassen@gmail.com,1
4,AhmedMostafa,5555,Ahmed_Mostafa,ahmedmostafa@gmail.com,1
